<?xml version="1.0"?>
<target>
  <architecture>csky</architecture>
  <feature name="org.gnu.csky.abiv2.gpr">
    <reg name="r0"  bitsize="32" regnum="0"  group="gpr"/>
    <reg name="r1"  bitsize="32" regnum="1"  group="gpr"/>
    <reg name="r2"  bitsize="32" regnum="2"  group="gpr"/>
    <reg name="r3"  bitsize="32" regnum="3"  group="gpr"/>
    <reg name="r4"  bitsize="32" regnum="4"  group="gpr"/>
    <reg name="r5"  bitsize="32" regnum="5"  group="gpr"/>
    <reg name="r6"  bitsize="32" regnum="6"  group="gpr"/>
    <reg name="r7"  bitsize="32" regnum="7"  group="gpr"/>
    <reg name="r8"  bitsize="32" regnum="8"  group="gpr"/>
    <reg name="r9"  bitsize="32" regnum="9"  group="gpr"/>
    <reg name="r10" bitsize="32" regnum="10" group="gpr"/>
    <reg name="r11" bitsize="32" regnum="11" group="gpr"/>
    <reg name="r12" bitsize="32" regnum="12" group="gpr"/>
    <reg name="r13" bitsize="32" regnum="13" group="gpr"/>
    <reg name="r14" bitsize="32" regnum="14" group="gpr"/>
    <reg name="r15" bitsize="32" regnum="15" group="gpr"/>
    <reg name="r16" bitsize="32" regnum="16" group="gpr"/>
    <reg name="r17" bitsize="32" regnum="17" group="gpr"/>
    <reg name="r18" bitsize="32" regnum="18" group="gpr"/>
    <reg name="r19" bitsize="32" regnum="19" group="gpr"/>
    <reg name="r20" bitsize="32" regnum="20" group="gpr"/>
    <reg name="r21" bitsize="32" regnum="21" group="gpr"/>
    <reg name="r22" bitsize="32" regnum="22" group="gpr"/>
    <reg name="r23" bitsize="32" regnum="23" group="gpr"/>
    <reg name="r24" bitsize="32" regnum="24" group="gpr"/>
    <reg name="r25" bitsize="32" regnum="25" group="gpr"/>
    <reg name="r26" bitsize="32" regnum="26" group="gpr"/>
    <reg name="r27" bitsize="32" regnum="27" group="gpr"/>
    <reg name="r28" bitsize="32" regnum="28" group="gpr"/>
    <reg name="r29" bitsize="32" regnum="29" group="gpr"/>
    <reg name="r30" bitsize="32" regnum="30" group="gpr"/>
    <reg name="r31" bitsize="32" regnum="31" group="gpr"/>
    <reg name="hi"  bitsize="32" regnum="36"/>
    <reg name="lo"  bitsize="32" regnum="37"/>
    <reg name="pc"  bitsize="32" regnum="72"/>
  </feature>
  <feature name="org.gnu.csky.abiv2.cr">
    <flags id="ckcpu_psr" size="4">
      <field name="C[0]"        start="0"  end="0"  type="int8"/>
      <field name="AF[1]"       start="1"  end="1"  type="int8"/>
      <field name="FE[4]"       start="4"  end="4"  type="int8"/>
      <field name="IE[6]"       start="6"  end="6"  type="int8"/>
      <field name="IC[7]"       start="7"  end="7"  type="int8"/>
      <field name="EE[8]"       start="8"  end="8"  type="int8"/>
      <field name="MM[9]"       start="9"  end="9"  type="int8"/>
      <field name="TE[12]"      start="12" end="12" type="int8"/>
      <field name="TM[15:14]"   start="14" end="15" type="int8"/>
      <field name="VEC[23:16]"  start="16" end="23" type="int8"/>
      <field name="S[31]"       start="31" end="31" type="int8"/>
    </flags>
    <reg name="psr"  bitsize="32" regnum="89"  group="cr" type="ckcpu_psr"/>
    <reg name="vbr"  bitsize="32" regnum="90"  group="cr"/>
    <reg name="epsr" bitsize="32" regnum="91"  group="cr"/>
    <reg name="fpsr" bitsize="32" regnum="92"  group="cr"/>
    <reg name="epc"  bitsize="32" regnum="93"  group="cr"/>
    <reg name="fpc"  bitsize="32" regnum="94"  group="cr"/>
    <reg name="ss0"  bitsize="32" regnum="95"  group="cr"/>
    <reg name="ss1"  bitsize="32" regnum="96"  group="cr"/>
    <reg name="ss2"  bitsize="32" regnum="97"  group="cr"/>
    <reg name="ss3"  bitsize="32" regnum="98"  group="cr"/>
    <reg name="ss4"  bitsize="32" regnum="99"  group="cr"/>
    <reg name="gcr"  bitsize="32" regnum="100" group="cr"/>
    <reg name="gsr"  bitsize="32" regnum="101" group="cr"/>
    <reg name="cr13" bitsize="32" regnum="102" group="cr"/>
    <reg name="cr14" bitsize="32" regnum="103" group="cr"/>
    <reg name="cr15" bitsize="32" regnum="104" group="cr"/>
    <reg name="cr16" bitsize="32" regnum="105" group="cr"/>
    <reg name="cr17" bitsize="32" regnum="106" group="cr"/>
    <reg name="cr18" bitsize="32" regnum="107" group="cr"/>
    <reg name="cr19" bitsize="32" regnum="108" group="cr"/>
    <reg name="cr20" bitsize="32" regnum="109" group="cr"/>
    <reg name="cr21" bitsize="32" regnum="110" group="cr"/>
    <reg name="cr22" bitsize="32" regnum="111" group="cr"/>
    <reg name="cr23" bitsize="32" regnum="112" group="cr"/>
    <reg name="cr24" bitsize="32" regnum="113" group="cr"/>
    <reg name="cr25" bitsize="32" regnum="114" group="cr"/>
    <reg name="cr26" bitsize="32" regnum="115" group="cr"/>
    <reg name="cr27" bitsize="32" regnum="116" group="cr"/>
    <reg name="cr28" bitsize="32" regnum="117" group="cr"/>
    <reg name="cr29" bitsize="32" regnum="118" group="cr"/>
    <reg name="cr30" bitsize="32" regnum="119" group="cr"/>
    <reg name="cr31" bitsize="32" regnum="120" group="cr"/>
  </feature>
  <feature name="org.gnu.csky.abiv2.fvcr">    
    <!--usp cr_bank1-->
    <reg name="usp"  bitsize="32" regnum="127"/>
  </feature>
  <feature name="org.gnu.csky.abiv2.mmu">
    <flags id="ckcpu_mir" size="4">
      <field name="Index[9:0]" start="0"  end="9"  type="int16"/>
      <field name="TF[30]"     start="30" end="30" type="int8"/>
      <field name="P[31]"      start="31" end="31" type="int8"/>
    </flags>
    <flags id="ckcpu_mel" size="4">
      <field name="V[1]"        start="1"  end="1"  type="int8"/>
      <field name="D[2]"        start="2"  end="2"  type="int8"/>
      <field name="C[3]"        start="3"  end="3"  type="int8"/>
      <field name="SEC[4]"      start="4"  end="4"  type="int8"/>
      <field name="SO[5]"       start="5"  end="5"  type="int8"/>
      <field name="B[6]"        start="6"  end="6"  type="int8"/>
      <field name="PFN[31:12]"  start="12" end="31" type="int32"/>
    </flags>
    <flags id="ckcpu_meh" size="4">
      <field name="ASID[7:0]"   start="0"  end="7"  type="int8"/>
      <field name="VPN[31:12]"  start="12" end="31" type="int32"/>
    </flags>
    <flags id="ckcpu_mpr" size="4">
      <field name="PageMask[24:13]" start="13" end="24" type="int16"/>
    </flags>
    <flags id="ckcpu_mcir" size="4">
      <field name="ASID[7:0]"       start="0"  end="7"  type="int8"/>
      <field name="TLBINV_ALL[26]"  start="26" end="26" type="int8"/>
      <field name="TLBINV[27]"      start="27" end="27" type="int8"/>
      <field name="TLBWR[28]"       start="28" end="28" type="int8"/>
      <field name="TLBWI[29]"       start="29" end="29" type="int8"/>
      <field name="TLBR[30]"        start="30" end="30" type="int8"/>
      <field name="TLBP[31]"        start="31" end="31" type="int8"/>
    </flags>
    <flags id="ckcpu_mpgd" size="4">
      <field name="HRE[0]"      start="0"  end="0"  type="int8"/>
      <field name="PBA[31:12]"  start="12" end="31" type="int32"/>
    </flags>
    <flags id="ckcpu_msa" size="4">
      <field name="V[1]"       start="1"  end="1"  type="int8"/>
      <field name="D[2]"       start="2"  end="2"  type="int8"/>
      <field name="C[3]"       start="3"  end="3"  type="int8"/>
      <field name="SEC[4]"     start="4"  end="4"  type="int8"/>
      <field name="SO[5]"      start="5"  end="5"  type="int8"/>
      <field name="B[6]"       start="6"  end="6"  type="int8"/>
      <field name="BA[31:29]"  start="29" end="31" type="int8"/>
    </flags>
    <reg name="mir"  bitsize="32" regnum="128" group="mmu" type="ckcpu_mir"/>
    <reg name="mel0" bitsize="32" regnum="129" group="mmu" type="ckcpu_mel"/>
    <reg name="mel1" bitsize="32" regnum="130" group="mmu" type="ckcpu_mel"/>
    <reg name="meh"  bitsize="32" regnum="131" group="mmu" type="ckcpu_meh"/>
    <reg name="mpr"  bitsize="32" regnum="132" group="mmu" type="ckcpu_mpr"/>
    <reg name="mcir" bitsize="32" regnum="133" group="mmu" type="ckcpu_mcir"/>
    <reg name="mpgd" bitsize="32" regnum="134" group="mmu" type="ckcpu_mpgd"/>
    <reg name="msa0" bitsize="32" regnum="135" group="mmu" type="ckcpu_msa"/>
    <reg name="msa1" bitsize="32" regnum="136" group="mmu" type="ckcpu_msa"/>
  </feature>
  <feature name="org.gnu.csky.abiv2.bank1">
    <!-- ECC Information -->
    <reg name="errlc"   bitsize="32" regnum="195" group="bank1"/>
	<reg name="erraddr" bitsize="32" regnum="196" group="bank1"/>
	<reg name="errsts"  bitsize="32" regnum="197" group="bank1"/>
	<reg name="errinj"  bitsize="32" regnum="198" group="bank1"/>
	<!--  -->
    <reg name="cp1cr16" bitsize="32" regnum="205" group="bank1"/>
    <reg name="cp1cr17" bitsize="32" regnum="206" group="bank1"/>
    <reg name="cp1cr18" bitsize="32" regnum="207" group="bank1"/>
    <reg name="cp1cr19" bitsize="32" regnum="208" group="bank1"/>
    <reg name="cp1cr20" bitsize="32" regnum="209" group="bank1"/>
	<!-- Debug Regs -->
	<reg name="cindex" bitsize="32" regnum="215" group="bank1"/>
	<reg name="cdata0" bitsize="32" regnum="216" group="bank1"/>
	<reg name="cdata1" bitsize="32" regnum="217" group="bank1"/>
	<reg name="cdata2" bitsize="32" regnum="218" group="bank1"/>
	<reg name="cins"   bitsize="32" regnum="220" group="bank1"/>
  </feature>
</target>
