<?xml version="1.0"?>
<target>
  <architecture>csky</architecture>
  <feature name="org.gnu.csky.abiv2.gpr">
    <reg name="r0"  bitsize="32" regnum="0"  group="gpr"/>
    <reg name="r1"  bitsize="32" regnum="1"  group="gpr"/>
    <reg name="r2"  bitsize="32" regnum="2"  group="gpr"/>
    <reg name="r3"  bitsize="32" regnum="3"  group="gpr"/>
    <reg name="r4"  bitsize="32" regnum="4"  group="gpr"/>
    <reg name="r5"  bitsize="32" regnum="5"  group="gpr"/>
    <reg name="r6"  bitsize="32" regnum="6"  group="gpr"/>
    <reg name="r7"  bitsize="32" regnum="7"  group="gpr"/>
    <reg name="r8"  bitsize="32" regnum="8"  group="gpr"/>
    <reg name="r9"  bitsize="32" regnum="9"  group="gpr"/>
    <reg name="r10" bitsize="32" regnum="10" group="gpr"/>
    <reg name="r11" bitsize="32" regnum="11" group="gpr"/>
    <reg name="r12" bitsize="32" regnum="12" group="gpr"/>
    <reg name="r13" bitsize="32" regnum="13" group="gpr"/>
    <reg name="r14" bitsize="32" regnum="14" group="gpr"/>
    <reg name="r15" bitsize="32" regnum="15" group="gpr"/>
    <reg name="r16" bitsize="32" regnum="16" group="gpr"/>
    <reg name="r17" bitsize="32" regnum="17" group="gpr"/>
    <reg name="r18" bitsize="32" regnum="18" group="gpr"/>
    <reg name="r19" bitsize="32" regnum="19" group="gpr"/>
    <reg name="r20" bitsize="32" regnum="20" group="gpr"/>
    <reg name="r21" bitsize="32" regnum="21" group="gpr"/>
    <reg name="r22" bitsize="32" regnum="22" group="gpr"/>
    <reg name="r23" bitsize="32" regnum="23" group="gpr"/>
    <reg name="r24" bitsize="32" regnum="24" group="gpr"/>
    <reg name="r25" bitsize="32" regnum="25" group="gpr"/>
    <reg name="r26" bitsize="32" regnum="26" group="gpr"/>
    <reg name="r27" bitsize="32" regnum="27" group="gpr"/>
    <reg name="r28" bitsize="32" regnum="28" group="gpr"/>
    <reg name="r29" bitsize="32" regnum="29" group="gpr"/>
    <reg name="r30" bitsize="32" regnum="30" group="gpr"/>
    <reg name="r31" bitsize="32" regnum="31" group="gpr"/>
    <reg name="pc"  bitsize="32" regnum="72"/>
  </feature>
  <feature name="org.gnu.csky.abiv2.fpu">
    <union id="float32_union">
      <field name="float" type="ieee_single"/>
      <field name="uint32" type="uint32"/>
    </union>
    <!--float register-->
    <reg name="fr0"  bitsize="32" regnum="40" group="fpu" type="float32_union"/>
    <reg name="fr1"  bitsize="32" regnum="41" group="fpu" type="float32_union"/>
    <reg name="fr2"  bitsize="32" regnum="42" group="fpu" type="float32_union"/>
    <reg name="fr3"  bitsize="32" regnum="43" group="fpu" type="float32_union"/>
    <reg name="fr4"  bitsize="32" regnum="44" group="fpu" type="float32_union"/>
    <reg name="fr5"  bitsize="32" regnum="45" group="fpu" type="float32_union"/>
    <reg name="fr6"  bitsize="32" regnum="46" group="fpu" type="float32_union"/>
    <reg name="fr7"  bitsize="32" regnum="47" group="fpu" type="float32_union"/>
    <reg name="fr8"  bitsize="32" regnum="48" group="fpu" type="float32_union"/>
    <reg name="fr9"  bitsize="32" regnum="49" group="fpu" type="float32_union"/>
    <reg name="fr10" bitsize="32" regnum="50" group="fpu" type="float32_union"/>
    <reg name="fr11" bitsize="32" regnum="51" group="fpu" type="float32_union"/>
    <reg name="fr12" bitsize="32" regnum="52" group="fpu" type="float32_union"/>
    <reg name="fr13" bitsize="32" regnum="53" group="fpu" type="float32_union"/>
    <reg name="fr14" bitsize="32" regnum="54" group="fpu" type="float32_union"/>
    <reg name="fr15" bitsize="32" regnum="55" group="fpu" type="float32_union"/>
  </feature>
  <feature name="org.gnu.csky.abiv2.cr">
    <flags id="ckcpu_psr" size="4">
      <field name="C[0]"        start="0"  end="0"  type="int8"/>
      <field name="IE[6]"       start="6"  end="6"  type="int8"/>
      <field name="IC[7]"       start="7"  end="7"  type="int8"/>
      <field name="EE[8]"       start="8"  end="8"  type="int8"/>
      <field name="MM[9]"       start="9"  end="9"  type="int8"/>
      <field name="TM[15:14]"   start="14" end="15" type="int8"/>
      <field name="VEC[23:16]"  start="16" end="23" type="int8"/>
      <field name="S[31]"       start="31" end="31" type="int8"/>
	</flags>
    <reg name="psr"  bitsize="32" regnum="89"  group="cr" type="ckcpu_psr"/>
    <reg name="vbr"  bitsize="32" regnum="90"  group="cr"/>
    <reg name="epsr" bitsize="32" regnum="91"  group="cr"/>
    <reg name="epc"  bitsize="32" regnum="93"  group="cr"/>
    <reg name="cpuid"  bitsize="32" regnum="102" group="cr"/>
    <reg name="ccr"  bitsize="32" regnum="107" group="cr"/>
    <reg name="capr"  bitsize="32" regnum="108" group="cr"/>
    <reg name="pacr"  bitsize="32" regnum="109" group="cr"/>
    <reg name="prsr"  bitsize="32" regnum="110" group="cr"/>
    <reg name="chr"  bitsize="32" regnum="120" group="cr"/>
    <reg name="usp"  bitsize="32" regnum="127"/>
    <reg name="int_sp"  bitsize="32" regnum="204"/>
  </feature>
  <feature name="org.gnu.csky.abiv2.fvcr">
    <reg name="fcr"  bitsize="32" regnum="121" group="fvcr"/>
    <reg name="fid"  bitsize="32" regnum="122" group="fvcr"/>
    <reg name="fesr"  bitsize="32" regnum="123" group="fvcr"/>
  </feature>
</target>
