{
    "all_cnt": "0",
    "baud_rate": "2000000",
    "boot_flag": "1",
    "continue_flag": "0",
    "err_cnt": "0",
    "file_addr_0": "0",
    "file_addr_1": "",
    "file_addr_2": "",
    "file_addr_3": "",
    "file_addr_4": "",
    "file_path_0": "",
    "file_path_1": "",
    "file_path_2": "",
    "file_path_3": "",
    "file_path_4": "",
    "high_flag": "0",
    "lock_flag": "0",
    "ok_cnt": "0",
    "path_sta_0": "1",
    "path_sta_1": "0",
    "path_sta_2": "0",
    "path_sta_3": "0",
    "path_sta_4": "0",
    "reset_flag": "0"
}
