{
    "r0": 0x0,
    "r1": 0x1,
    "r2": 0x2,
    "r3": 0x3,
    "r4": 0x4,
    "r5": 0x5,
    "r6": 0x6,
    "r7": 0x7,
    "r8": 0x8,
    "r9": 0x9,
    "r10": 0xa,
    "r11": 0xb,
    "r12": 0xc,
    "r13": 0xd,
    "r14": 0xe,
    "r15": 0xf,
    "r16": 0x60,
    "r17": 0x61,
    "r18": 0x62,
    "r19": 0x63,
    "r20": 0x64,
    "r21": 0x65,
    "r22": 0x66,
    "r23": 0x67,
    "r24": 0x68,
    "r25": 0x69,
    "r26": 0x6a,
    "r27": 0x6b,
    "r28": 0x6c,
    "r29": 0x6d,
    "r30": 0x6e,
    "r31": 0x6f,
    "fr0": 0x4220,
    "fr1": 0x4221,
    "fr2": 0x4222,
    "fr3": 0x4223,
    "fr4": 0x4224,
    "fr5": 0x4225,
    "fr6": 0x4226,
    "fr7": 0x4227,
    "fr8": 0x4228,
    "fr9": 0x4229,
    "fr10": 0x422a,
    "fr11": 0x422b,
    "fr12": 0x422c,
    "fr13": 0x422d,
    "fr14": 0x422e,
    "fr15": 0x422f,
    "vr0": 0x4200,
    "vr1": 0x4201,
    "vr2": 0x4202,
    "vr3": 0x4203,
    "vr4": 0x4204,
    "vr5": 0x4205,
    "vr6": 0x4206,
    "vr7": 0x4207,
    "vr8": 0x4208,
    "vr9": 0x4209,
    "vr10": 0x420a,
    "vr11": 0x420b,
    "vr12": 0x420c,
    "vr13": 0x420d,
    "vr14": 0x420e,
    "vr15": 0x420f,
    "pc": 0x40,
    "ar0": 0x10,
    "ar1": 0x11,
    "ar2": 0x12,
    "ar3": 0x13,
    "ar4": 0x14,
    "ar5": 0x15,
    "ar6": 0x16,
    "ar7": 0x17,
    "ar8": 0x18,
    "ar9": 0x19,
    "ar10": 0x1a,
    "ar11": 0x1b,
    "ar12": 0x1c,
    "ar13": 0x1d,
    "ar14": 0x1e,
    "ar15": 0x1f,
    "psr": 0x20,
    "vbr": 0x21,
    "epsr": 0x22,
    "fpsr": 0x23,
    "epc": 0x24,
    "fpc": 0x25,
    "ss0": 0x26,
    "ss1": 0x27,
    "ss2": 0x28,
    "ss3": 0x29,
    "ss4": 0x2a,
    "gcr": 0x2b,
    "gsr": 0x2c,
    "cr13": 0x2d,
    "cr14": 0x2e,
    "cr15": 0x2f,
    "cr16": 0x30,
    "cr17": 0x31,
    "cr18": 0x32,
    "cr19": 0x33,
    "cr20": 0x34,
    "cr21": 0x35,
    "cr22": 0x36,
    "cr23": 0x37,
    "cr24": 0x38,
    "cr25": 0x39,
    "cr26": 0x3a,
    "cr27": 0x3b,
    "cr28": 0x3c,
    "cr29": 0x3d,
    "cr30": 0x3e,
    "cr31": 0x3f,
    "mcr0": 0x4f00,
    "mcr2": 0x4f01,
    "mcr3": 0x4f02,
    "mcr4": 0x4f03,
    "mcr6": 0x4f04,
    "mcr8": 0x4f05,
    "mcr29": 0x4f06,
    "mcr30": 0x4f07,
    "mcr31": 0x4f08,
    "profcr0": 0x6030,
    "profcr1": 0x6031,
    "profcr2": 0x6032,
    "profcr3": 0x6033,
    "profsgr0": 0x6000,
    "profsgr1": 0x6001,
    "profsgr2": 0x6002,
    "profsgr3": 0x6003,
    "profsgr4": 0x6004,
    "profsgr5": 0x6005,
    "profsgr6": 0x6006,
    "profsgr7": 0x6007,
    "profsgr8": 0x6008,
    "profsgr9": 0x6009,
    "profsgr10": 0x600a,
    "profsgr11": 0x600b,
    "profsgr12": 0x600c,
    "profsgr13": 0x600d,
    "profagr0": 0x6010,
    "profagr1": 0x6011,
    "profagr2": 0x6012,
    "profagr3": 0x6013,
    "profagr4": 0x6014,
    "profagr5": 0x6015,
    "profagr6": 0x6016,
    "profagr7": 0x6017,
    "profagr8": 0x6018,
    "profagr9": 0x6019,
    "profagr10": 0x601a,
    "profagr11": 0x601b,
    "profagr12": 0x601c,
    "profagr13": 0x601d,
    "profagr14": 0x601e,
    "profxgr0": 0x6020,
    "profxgr1": 0x6021,
    "profxgr2": 0x6022,
    "profxgr3": 0x6023,
    "profxgr4": 0x6024,
    "profxgr5": 0x6025,
    "profxgr6": 0x6026,
    "profxgr7": 0x6027,
    "profxgr8": 0x6028,
    "profxgr9": 0x6029,
    "profxgr10": 0x602a,
    "profxgr11": 0x602b,
    "profxgr12": 0x602c
}