{
    "r0": 0x0,
    "r1": 0x1,
    "r2": 0x2,
    "r3": 0x3,
    "r4": 0x4,
    "r5": 0x5,
    "r6": 0x6,
    "r7": 0x7,
    "r8": 0x8,
    "r9": 0x9,
    "r10": 0xa,
    "r11": 0xb,
    "r12": 0xc,
    "r13": 0xd,
    "r14": 0xe,
    "r15": 0xf,
    "cp1.gr0": 0x100,
    "cp1.gr1": 0x101,
    "cp1.gr2": 0x102,
    "cp1.gr3": 0x103,
    "cp1.gr4": 0x104,
    "cp1.gr5": 0x105,
    "cp1.gr6": 0x106,
    "cp1.gr7": 0x107,
    "cp1.gr8": 0x108,
    "cp1.gr9": 0x109,
    "cp1.gr10": 0x10a,
    "cp1.gr11": 0x10b,
    "cp1.gr12": 0x10c,
    "cp1.gr13": 0x10d,
    "cp1.gr14": 0x10e,
    "cp1.gr15": 0x10f,
    "cp1.gr16": 0x110,
    "cp1.gr17": 0x111,
    "cp1.gr18": 0x112,
    "cp1.gr19": 0x113,
    "cp1.gr20": 0x114,
    "cp1.gr21": 0x115,
    "cp1.gr22": 0x116,
    "cp1.gr23": 0x117,
    "cp1.gr24": 0x118,
    "cp1.gr25": 0x119,
    "cp1.gr26": 0x11a,
    "cp1.gr27": 0x11b,
    "cp1.gr28": 0x11c,
    "cp1.gr29": 0x11d,
    "cp1.gr30": 0x11e,
    "cp1.gr31": 0x11f,
    "pc": 0x40,
    "ar0": 0x10,
    "ar1": 0x11,
    "ar2": 0x12,
    "ar3": 0x13,
    "ar4": 0x14,
    "ar5": 0x15,
    "ar6": 0x16,
    "ar7": 0x17,
    "ar8": 0x18,
    "ar9": 0x19,
    "ar10": 0x1a,
    "ar11": 0x1b,
    "ar12": 0x1c,
    "ar13": 0x1d,
    "ar14": 0x1e,
    "ar15": 0x1f,
    "psr": 0x20,
    "vbr": 0x21,
    "epsr": 0x22,
    "fpsr": 0x23,
    "epc": 0x24,
    "fpc": 0x25,
    "ss0": 0x26,
    "ss1": 0x27,
    "ss2": 0x28,
    "ss3": 0x29,
    "ss4": 0x2a,
    "gcr": 0x2b,
    "gsr": 0x2c,
    "cr13": 0x2d,
    "cr14": 0x2e,
    "cr15": 0x2f,
    "cr16": 0x30,
    "cr17": 0x31,
    "cr18": 0x32,
    "cr19": 0x33,
    "cr20": 0x34,
    "cr21": 0x35,
    "cr22": 0x36,
    "cr23": 0x37,
    "cr24": 0x38,
    "cr25": 0x39,
    "cr26": 0x3a,
    "cr27": 0x3b,
    "cr28": 0x3c,
    "cr29": 0x3d,
    "cr30": 0x3e
}